{"cameraMode":{"drawMode":0,"name":"Shaded","section":"Shading Mode"},"sceneLighting":true,"audioPlay":false,"sceneViewState":{"m_AlwaysRefresh":false,"showFog":true,"showSkybox":true,"showFlares":true,"showImageEffects":true,"showParticleSystems":true,"showVisualEffectGraphs":true,"m_FxEnabled":true},"in2DMode":false,"pivot":{"x":9.561101913452149,"y":1.33834707736969,"z":6.580414772033691},"rotation":{"x":-0.055757101625204089,"y":0.6453851461410523,"z":0.04732682555913925,"w":0.7603490352630615},"size":0.06834273040294647,"orthographic":false}