{"cameraMode":{"drawMode":0,"name":"Shaded","section":"Shading Mode"},"sceneLighting":true,"audioPlay":false,"sceneViewState":{"m_AlwaysRefresh":false,"showFog":true,"showSkybox":true,"showFlares":true,"showImageEffects":true,"showParticleSystems":true,"showVisualEffectGraphs":true,"m_FxEnabled":true},"in2DMode":false,"pivot":{"x":1.1787739992141724,"y":1.7283447980880738,"z":9.590286254882813},"rotation":{"x":0.05816493183374405,"y":-0.6502149701118469,"z":0.05003491789102554,"w":0.7558665871620178},"size":1.468738317489624,"orthographic":false}